Exposure_Time,Sensor_Temperature,Pixel_Value,Noise_Level
1.9352465823520764,31.10797573031718,219,18.458634951773135
4.758500101408589,52.514056842701486,134,28.71809401744166
3.6867703148758855,72.37675015258449,162,38.73265657378328
3.0334265725654794,63.93349318457367,182,34.17966993079863
0.864491338167939,68.39366887168698,219,36.27594514935296
0.864373149647393,59.527002002643044,13,29.82866503263275
0.38460969962417735,61.53659387107115,119,31.801849625145312
4.344263114297182,70.95173909391916,137,38.41406595525636
3.0454635575417233,34.98008053155115,79,19.17814334381061
3.569555631200623,49.36549781858843,143,23.529315837749998
0.200864022049432,33.27256650917613,181,19.122270433322768
4.852558275593772,79.26008047979883,222,42.53003226217756
4.178968939922067,76.64356038119679,105,39.770968328144704
1.1404616423235534,22.365608682110356,216,13.068332052198649
0.990942339314793,62.33451035094131,204,34.43046212938815
0.9986820982818257,75.51489904493995,69,39.49484419442101
1.590786990501735,30.83452070764001,43,15.233461385046569
2.6713065149979656,54.07671383315777,72,28.432539855203217
2.2165305913463675,74.92929785528251,44,37.15464525223461
1.5270227869704056,22.03675871514793,227,12.061463471482075
3.0980791841396598,61.84521603481039,183,32.43569871122919
0.783519917195005,37.840940442353045,106,20.92121568527878
1.5315087778225691,75.46377172259182,83,39.66816178445425
1.8951730321390896,78.26349470992207,81,40.64435007827224
2.334742922663476,76.65598934680604,249,41.776564752517366
3.947362210825767,48.45285299944783,106,26.197341007921448
1.0784015325759628,71.72255905935882,184,37.16763808771406
2.619748748226697,70.67296391210422,20,36.23037937554872
3.0028313874240085,39.146028394595334,195,22.62370686126775
0.3276070223279889,69.73492844904064,177,37.4245162565667
3.0769697743170483,22.220458082929557,160,14.206839390371126
0.9355682060677285,55.77619270892318,218,30.869957022269425
0.41875280562786965,33.80053023726218,6,17.35358860673546
4.749539132541333,27.234013146636727,69,15.852110724888924
4.8315969620653405,24.61719209775255,126,14.02523448583375
4.06114700577066,61.777326552688386,142,31.832903325693543
1.5926074689495167,40.39249782608397,209,22.282442695993172
0.578593358631281,63.48600629172569,159,32.64595983691952
3.452741829909569,23.921380447936542,247,14.100786131984847
2.2567472193240468,38.91742026983662,202,21.559866186135196
0.6979873507394163,52.36947754252023,147,26.932117585334094
2.526366859545224,67.44338989033781,215,35.81637010148439
0.2685037534645701,39.12515017592419,142,19.11581079635477
4.555669970186032,57.55348258622055,175,31.195601997501814
1.368021909840083,73.15866489417124,198,38.69734011343185
3.346359193334512,56.951791290938274,148,29.473442933734397
1.6273842728381138,33.97756848521803,169,19.500768338325233
2.648333303771273,21.464046893392283,153,13.464426914699827
2.7788803687820707,72.2059324340558,235,37.123294389537136
1.0057868320750827,21.27616465102323,119,11.165936230152909
4.8509646760463365,72.48210036105196,127,37.22700429834332
3.8981508344694618,51.73622804163272,141,26.728026003154444
4.703544813664527,76.34406191077377,56,40.03186027868509
4.48465401709548,67.92699414641993,164,35.85813633614671
3.0297098961743174,79.87604663200025,57,40.54647946430695
4.617183751613273,41.04270892710261,20,19.17921047430588
0.5336132600544056,66.0312973358676,81,34.51442802414847
1.0603160258538116,44.11585481655453,68,21.604700616009175
0.32161371566163655,48.79253721823453,130,25.788362610949758
1.6941186207399954,57.65032779310221,86,30.131952696583294
2.004518719478462,72.42062685118032,217,39.94142389337666
1.4296102556920902,79.04500815195772,164,39.99664470242895
4.1608137948444535,66.0964048318711,215,32.594771639599166
1.8480913007985877,45.066006930040025,48,23.381662139853567
1.4765790974681658,45.281420136624206,146,26.048879159569772
2.7592108074754176,64.25493809533349,114,34.782336481353724
0.790528702376337,34.32662874609814,88,18.332026658561325
4.030765205694794,26.62844678788368,84,14.06566372887927
0.46529815403087704,41.27732945844659,127,22.76231714126369
4.935745989342535,37.2343394992449,139,19.527198148852236
3.8839993695536217,37.778487227359406,248,22.234001319991286
1.073706839517445,34.0164650629946,188,19.501073374615668
0.12705837390565178,22.525591378181712,168,14.0157114339803
4.095760999428688,21.072436084004828,160,15.30545418085636
3.5636009848533243,79.26334338416189,177,42.15044775774504
3.6721351234008384,45.66638802415174,116,23.851443898708457
3.8792246987611345,43.0595988295809,195,23.842147572474566
0.4628187934970428,60.77883696158419,126,29.926624455252682
1.856482069866936,33.09523327190385,233,18.368551711849562
0.6677583916731357,76.99767103701352,248,40.63632891956097
4.329206786790408,67.18070086493313,70,34.199182713211016
3.1541608214550343,25.364660138735573,85,14.000101023547012
1.7214003217779812,45.0548465470957,246,24.337143373343448
0.4114359164015159,72.74709845372988,32,37.85572348582956
1.623813376406745,76.68392133748462,80,39.30454907130118
1.6933982779310608,48.044090674992184,151,25.692084844150585
3.675070273856514,56.80468335264246,60,29.041953987193967
3.224031609640545,30.02203676552451,60,16.088612227585287
4.447342438624,79.4701175682186,97,41.974891292639334
2.413853133293552,33.90030208300661,27,16.59440613912176
0.6860118050976783,76.56390644810753,185,39.54243791548828
3.594899457392676,58.97879893954211,42,29.965163386733657
3.8278467382227976,56.46420769273155,168,28.94901759671484
2.8502582680905317,50.76131066099052,166,26.506423297582817
3.877739181777349,33.84018870306552,85,17.68164739616584
2.5195984221855148,30.591681920330494,176,18.182189983096528
2.661390863971771,33.22917254421052,16,17.303286687504364
2.1949509899568933,31.18629572865527,97,16.976232874690872
0.22455372104606644,66.7750684140052,197,36.23088754127518
0.6286679922671918,41.0075155500038,237,22.799252785829225
0.25400300986499785,23.470560593803782,197,14.12114544781728
3.2184110151925243,78.14615780844868,97,40.261698252811094
1.640344307274001,73.02715309780554,64,37.5829733290298
2.5919963867070437,75.66513699171279,73,38.239009476915506
4.547075722237856,79.69446935878611,84,38.70312509334041
1.3215319228294875,30.433714953169236,4,15.254731506681262
2.110876322874586,43.77452113415953,1,23.531096335467165
3.8022005788609388,65.49430854224548,21,34.26358973125043
1.2211110109089502,61.761237083227535,111,33.078127127295836
0.47720155816108567,29.233754380391304,56,16.46072806781798
1.5197821192774634,68.94998749943707,65,35.36562955260772
0.8899843075446217,33.46643431019964,73,17.749531293259878
4.655518496478608,33.42905688935738,97,17.5324283988922
4.059789859865643,52.218465373604815,143,27.629138816761923
3.203678406901075,55.576396090502186,111,29.83433703571234
4.370156891919817,54.80517247026867,178,30.823486361495135
4.037993176805661,25.489210243865294,124,14.248958163932214
1.0141932885415756,72.64765175782281,166,37.63505594291416
4.473539092600891,35.93600255532236,85,19.265883145777867
2.742776985386689,27.77089527696825,75,15.510932085951909
4.056456760303907,73.32488479213863,87,36.49423325596616
4.490847369625117,77.3390898937852,238,39.202448730717876
1.6582170273621333,71.72765703592704,167,37.149113371208145
0.6392544301856161,68.57096448349269,37,33.498695258850745
1.2168822964555144,59.3145188383413,187,31.140807451168893
2.192828164268656,53.05144223654836,58,27.177223615883573
4.108272353020216,25.21920559468461,137,13.937181623621312
4.3175798579560825,44.50719278424192,98,25.117821912387317
0.13406543960283446,42.36131102073884,191,23.430806818932023
2.602661782630072,35.585227025619574,242,20.77335405068362
2.1453139154290173,63.4052068213151,62,33.15934194624385
1.1883282713065784,49.75254410472625,48,24.33627176171301
0.6873402999350458,24.862772954458876,191,15.44923229464321
1.7543143398777772,33.21099211698868,31,17.015163205946656
4.720257549171344,60.995525819575754,134,32.98026928194622
1.6836943669017008,24.56785156941801,20,11.58043798835902
2.6420740465424943,71.07241484292612,19,34.43665606010124
3.5447928985863717,49.70879162083846,153,27.556764758302897
1.8817850516585408,48.83519463959888,126,26.242185351062815
4.861732205332707,55.544467079571056,67,28.02635520596129
4.815991745216345,69.48085795550895,109,35.44236507100142
1.3337332495442846,40.86855247413158,115,22.84308434643499
2.536517678872689,60.68096915354381,213,31.534724451791853
1.5743037181021715,53.94391783974746,142,30.192062244939915
1.4957184224495914,36.02169621016528,119,18.449799212679732
0.2807460420372107,72.71779918130949,231,39.33536612046685
3.086865236501495,67.8455612964157,212,36.022848696109016
2.5631272138214216,59.50711007950553,78,31.39305519221725
0.3522458811249478,71.03490374565452,213,37.13856245882556
1.4653676747593962,72.03765205758813,115,37.152569890197704
4.550502841236603,62.501778602902085,91,32.65685876097042
1.273853264268165,70.22079970182033,13,34.36559772155551
0.8099848732469932,61.848287700157016,154,33.28596668282333
2.498318525360059,60.80844630561803,124,31.380841438873432
4.929687225141944,57.116682692911056,232,31.142710153629704
1.2860708304063522,65.16299837345846,167,33.38575689516136
3.393464182288805,29.516306317584423,57,13.105165918225781
3.8319361151107163,72.85224555193571,27,36.88828862487876
1.2644239655627585,72.31061166471392,25,38.94436365052616
3.6682601081981123,21.75483698207355,112,13.14884878975461
1.902137350324341,69.54900503388576,190,36.84545587224092
3.19829856990854,27.732192048406713,65,14.573035051985944
3.2042955827283843,40.10713125554851,152,21.91646107885914
2.725295951966317,64.61049537749646,247,35.59489639912007
0.5424198732666007,29.645593762898493,253,16.226226053467062
4.192982228387266,69.07802144714373,130,37.37263064107946
1.6718223183615057,69.92805067746451,199,37.83658888600965
1.0139407009592858,50.44806402565017,43,26.473611808628945
0.2997981936183432,20.383152303010014,96,11.620031709676569
2.995375421622385,37.22228799049476,41,19.34029819510361
3.420065373027184,57.01561510254453,243,31.952675324541804
0.18128036174649514,78.87117068164541,226,42.305527510738735
2.609255985666477,57.908811621000105,5,28.911290698125676
1.2098292984698962,35.588214863849586,166,19.00148858887488
3.2613466730063045,58.040342185976684,179,31.238162055550955
0.9543955021244581,52.39912278295133,22,28.0640210931833
3.4855949167020834,66.79072370906862,88,33.38481427055062
1.9950031968726336,26.418838329617504,122,13.161394218743576
4.689976944809999,65.66167415012168,177,35.234595610778356
0.773852626315367,52.47599472056662,170,28.066270324770862
1.771225120146267,77.77952023153968,146,40.70022429215487
0.6560202540788864,40.51232996232116,196,22.52572020447697
4.630998729564958,57.95731358803689,50,29.718554412340133
4.398962831566807,75.92168633060105,10,39.99060288705928
1.3639139758042627,26.150583679440757,247,14.08077925882429
3.3339218255674776,76.23370923418707,11,37.73174977487004
4.104388780985958,61.273143338048804,73,31.673755786973953
2.8204839768373655,24.070223546310316,7,10.743971359684728
2.695287833944432,38.057814016808976,151,20.63258138736686
1.2850762254122134,62.4903253187169,251,35.54514044762769
0.5562035622489062,24.0410360881263,219,14.287024888584002
4.496357213971301,54.930227610576395,40,28.54545043240401
4.51204848010032,40.752983417177404,163,21.197531791426155
3.2021971406390133,57.25493106604863,228,30.61132383904874
1.7612459761386334,22.744522028750772,84,12.013189231665313
1.8111269156020386,72.29220836914257,71,36.71950177937526
3.6571828264641733,78.4093381506438,54,41.39203115297209
4.4958402737676275,78.13267131714149,136,41.433610746672635
4.446723478899075,64.97910990457548,46,32.282769343240616
3.921390174702357,27.805174407837917,142,15.961230999821199
3.2459550661560104,65.49579175574135,175,35.32071313298306
0.5122858284757393,21.47521498752809,237,14.298985115132888
0.8919806990636076,21.327413091739835,103,13.363445302344651
4.502915523782688,39.41661314897247,209,21.233503935036637
3.071502392331991,49.318591424279944,41,24.565588440162834
0.1450655529214853,66.22444506846759,59,32.45915123061133
0.5972105600435573,60.99772259639031,211,32.434562495092536
3.351158668629474,46.7541623826049,197,26.14855543261173
0.12480176084647157,36.41759997689995,11,19.318614681123723
0.8879594519457434,79.82747000946267,129,41.21657992628339
2.788795567896272,45.57087813415838,6,22.80447110061397
3.4902864686941975,47.08322145978053,79,24.832397369008426
3.2946101715627427,29.817429271500153,130,15.703032751276327
1.198919616356743,67.68857292499575,108,37.13371714582832
3.589678184602926,61.62093354688932,2,29.581773564786893
1.2625205287343204,33.24617676732562,26,17.19408101543197
1.6944585209804122,24.942862736950563,113,15.794483439802963
3.7578078850783188,60.829958124482786,106,31.85755969530922
3.283201205331352,59.27067285686812,39,30.1636175139657
4.261194711421472,36.395571619892564,229,20.556459858278
3.322303172271683,77.05181373502462,160,40.277745502977076
2.884712156343811,29.063473506854013,219,18.383056443737917
0.5590063623576532,45.940088062556114,128,22.094082756184317
1.9018074349912244,76.61695521005593,246,42.49209204982341
1.3994916016404548,45.18363901556734,255,23.85781151549757
1.2955492525575096,58.31155685984513,7,29.088681025943902
4.867751718286983,43.855663877767654,100,22.98536269041386
2.026178850867126,36.452912140920205,159,20.607627225317536
4.471028120367855,79.0386588775897,123,39.59830789894788
3.1925792673865887,44.560040378902585,175,24.811450782271894
3.9945753873540775,73.64595222074806,106,40.30674327239629
2.5629217562154416,33.79727635346517,100,16.791756347761318
2.92682903466916,32.786282241505,3,16.90553019182981
2.5133366997124336,21.86804497307068,221,12.733373978709974
1.0566906402104181,59.1000095225531,197,32.05156103149063
3.640015364781376,42.11158062342567,109,22.528939625606725
1.4757845759601935,71.86149499037822,245,37.88683904374082
0.21914823551412382,48.392594401493426,18,24.8860843091692
3.2628142499451225,78.09160567488331,31,41.486432372222914
0.9678423290945398,31.13153094218727,136,16.831645912275793
4.70824706332928,72.11739007733664,11,37.35927768714943
4.774250027312678,66.59581116750451,138,33.86205762861236
4.582835512080198,66.25531067864313,45,33.079502513711574
1.9137776312516777,70.68699368701326,118,37.18728088451217
0.1757374209914504,65.66143945657993,15,34.48240949892507
4.648760956679855,57.573219297884926,128,30.88709909339611
2.1981023267548405,27.874692660943253,62,14.464098532623957
4.836608613313981,21.951570769475115,108,12.53873765149231
4.821737887737339,75.2508708689412,118,38.03720148927462
4.279746331790064,56.99901887124428,244,31.971999395156512
1.54279957114097,67.79223745857058,20,35.132731748722804
1.986978870149434,48.891341090753,157,25.762278099558365
4.270569690432599,27.038491337743668,12,13.596260490155592
1.6529178252657608,27.511147532153025,161,15.796743778255138
0.9305144587618532,61.13391723373828,3,30.253290326704732
2.828326186045916,45.818353693967765,155,24.675876850962652
4.6871583933878265,32.0314836020202,101,19.5941794295154
3.510546003707368,49.49567280448621,249,27.341865301867845
2.8932997334378885,23.852536224508047,222,14.07725793357659
0.5761648194767659,54.91828411486393,58,27.44921673374448
3.113535410825932,36.13960426610586,246,21.585347645635462
4.9512638655108905,67.85354603823129,127,35.510675232448634
0.7864116746589678,38.621717535414426,26,19.000126896851686
2.6398152965823103,47.31320894490807,68,25.921890034385278
4.399128052446982,20.697232394486036,24,12.448132007001355
3.729766226995602,24.346813267673532,130,13.245959690797623
3.5153771308768134,43.549613384401084,96,21.21980445392761
3.542172011536836,48.796330083027414,195,27.709895932504313
1.8615066409768006,56.001232887158224,24,27.742137281916786
1.5386000368960178,37.499754722558194,147,21.164362964131467
4.065869661844717,61.69891316759255,161,30.89593973226891
4.069555633927986,71.60734383135227,153,38.633224817368244
4.348654361042508,66.791059333601,125,33.86922317362397
4.574878707526709,22.377129520901427,253,14.906816750269908
2.6055777544185954,48.830416835469734,132,26.010039261013162
2.5574298439672782,26.295810705090492,226,14.709708917545328
4.011646376937199,34.522700951751645,188,19.135478800642762
3.2848232608110495,79.19975559602878,219,42.804678581052194
3.5396376985627467,28.549732574090793,220,16.934724510016906
3.9993840802368954,49.933289207081366,8,26.030995992036857
4.461026174906075,57.089344059087146,115,32.117215231549665
1.7561762685725257,62.147898232646234,229,31.975325131469322
1.940356467935726,53.578921009214845,177,30.370708726369617
0.5605115052202582,20.58625084515102,133,11.783532510620748
2.933572690881253,39.58767849463951,210,21.288412468084754
0.2761171416040362,51.06269860308269,59,24.818647389962756
2.381430288849055,25.27198994869,171,14.395017612452873
2.758958710067126,41.037615872550845,120,22.916353919206596
1.5040521354285938,21.992186527481994,138,12.398949356906323
2.995082976788153,24.714709829301245,193,16.098018142576787
0.2494512247013422,43.815396572095764,174,22.221467718466453
0.2830061248711506,27.962945242583622,107,15.067684285932872
4.1307427472323255,54.05245089569349,107,27.25690627815686
1.8649341429151884,61.367898148235945,200,33.23407437103446
0.7225965119942355,68.03520194654497,212,37.09674801456921
2.6589919742685417,32.009014654688606,215,17.999644731090104
3.8729684101831934,30.048954935544185,225,15.05756045216328
1.1575230347345318,26.274070420064014,213,15.581735660301954
3.1521633315131017,58.1858149726182,130,31.14486237119392
0.5182025784694633,62.388543589214066,75,32.40038680741568
0.35324043372617775,21.895168689538522,219,14.408690579964034
2.7036376946839256,76.17273477462139,29,37.575677477130036
2.7491120958895223,23.118277019088346,217,14.684265824583575
3.2234065173412123,52.47778011806423,239,30.14373822324421
3.657847535241042,62.54363116705498,20,30.059012753045078
4.88167518936642,72.25814742476513,155,38.48689305723818
2.6298717066758575,62.84521592794567,247,33.65141530363275
1.6824867174121054,68.10368498418751,217,36.30856849073332
3.9964123543666483,40.367011552568364,189,22.820823495259184
1.4270780311841638,68.88950682479074,160,35.70023265140024
2.250959961457617,24.806890783080508,212,14.072833308524402
0.4844362685771032,73.68899936363167,162,38.547095726161565
0.22421864273574182,52.85554256922418,179,27.15294721002286
4.8169772319218325,69.03786619774962,33,34.24480569318181
4.196302590509808,47.13909707109801,40,25.068552077556486
3.5102736098591203,58.6146617117915,50,29.009564181723007
2.1038694276299226,51.58415965616679,174,28.408779271755595
0.9491421683471444,63.89537130531991,81,33.315191162348626
0.8665415090883216,24.897798921835374,57,11.379746883035923
1.3261902010065172,23.621125039433828,74,12.00561688748191
2.7912106570599904,34.82619404060878,184,20.726327489057766
3.601520021230306,29.5726808067913,22,14.385326874378999
3.3349671459168837,72.3070139955321,175,37.772599450048354
1.4716760950351202,33.15283924148266,127,18.455648123496736
4.778839875249651,78.55191534914788,149,42.0272321713815
3.715694891809266,40.213747506266415,16,20.38690435626964
2.8163348573058635,30.927074941321955,68,15.827660761699923
3.097431656548326,67.38191042854875,107,36.49306824162771
2.156040305896171,59.52246653005257,138,33.09573695941348
1.3138818485556718,49.89174298718834,93,26.98611772923153
1.844266125391182,53.321813056257874,14,27.07065128323308
3.813445941275409,63.15210669633583,90,32.04913222065453
0.17052809428580376,33.70728447987793,162,17.66025064281098
0.6687559384838896,79.78003496340452,32,40.7994071808164
0.3254129459065885,78.487589728807,211,41.80473437988284
0.29957113136295366,59.01954118081621,124,32.18132629649083
4.291756861653935,31.972547055748706,15,17.215899306575885
3.5479235109621166,60.81369454587748,161,30.868559322275136
2.4234517625278937,24.33190453875055,65,14.110245063350982
0.5793873871899072,21.839150132348365,226,12.23945317757876
2.5089177880724787,35.46097331067282,167,19.267407162191308
2.420011676824772,47.75737740435898,247,26.84089007611366
0.9486891625590744,72.09635032450282,155,39.688711568291275
2.225873081266068,63.63014418597848,46,35.60757795712121
2.05267319854713,64.56239127199886,166,34.753186014990334
3.117665480455861,45.52960006688452,197,24.863369962767457
3.211958889251455,40.75609955281777,200,23.233751313814583
0.32198964788301815,42.262325779076164,147,23.521017280200216
1.9356018116697091,79.25897382416346,123,40.73237946769151
3.1667135869997587,22.40655148474895,0,13.315158456986772
2.56536766704243,72.02188976734692,199,38.487552409569105
4.296800221822779,54.7205245143436,246,30.747685368445474
3.3275987949328307,46.31692515137543,86,25.01714670723546
0.8983786926990055,63.51545962490819,127,33.53915429233845
0.4457868622621063,49.200136485482176,190,27.383587429436908
3.2478544632109467,72.40539428489964,66,36.57022940222399
0.2299054216539469,74.04211184067552,3,36.51574470855712
2.9703003482399706,45.30325561240733,185,23.69850360805597
4.707128182982292,36.60966783410309,152,20.73504796597
2.919823471591807,55.541019715601735,46,29.301428708472162
2.0020326384119573,74.74180073700145,37,38.398876498493806
3.252112270367531,32.63973134033999,142,19.73956933055429
2.345439163408432,57.37799501380897,190,30.81794540441628
2.7735222676480813,57.89361320555123,20,30.092900485132937
4.713177563004973,63.98678134491686,226,33.63300755261961
1.991902925223794,27.894061107635586,56,14.319121143865772
4.809833762737179,62.949497880925314,116,33.81127007430215
4.536218145584712,74.54195123993847,180,40.37369954527085
1.0593765604675527,30.78098653221452,45,15.652463974489832
0.4398703742883108,34.25259949543266,243,19.528687533287094
0.5938122067493906,78.28370564249838,141,39.093360295243315
0.1892869456925937,30.858617162569388,227,17.361208075047344
0.5627705077040491,71.26310560217475,203,38.608213015377565
3.446733189740149,49.53667138688209,144,27.128214028521626
0.44882437745512205,34.833864464190626,38,18.342480391222036
1.6629805884394306,72.24499407635068,136,37.69856878420024
4.239889023750328,46.71831530015993,98,24.770209711083176
0.21403248510554676,50.88904123578141,251,27.315602726927818
4.090895564685786,41.55400216398594,76,22.644919058664087
1.48108839638966,55.57705108609564,206,30.417607327076176
0.6790076553461156,29.811432355101367,209,17.555635791078092
3.5140121102843387,43.46489219910564,114,22.697812467913675
3.181819949221432,78.16473934011725,224,39.48720874510953
4.39961286628256,35.48800596206765,133,20.61111697941578
3.7018481146390405,59.404199872477534,250,32.09344729169426
4.037056558885758,39.511403853481696,218,21.476631818586302
1.481969405599402,66.40838754119605,150,35.54586962307196
0.9694537645206418,27.85241964310099,186,15.491142558083428
3.7780122830402063,78.18926270471269,90,41.43236896470699
4.053490222409594,47.22737248301836,97,25.606041213326833
4.953475195803299,34.16302780078784,119,19.450430743174728
2.12182661686599,24.40980483980076,45,11.501129370386444
1.9228886203846378,30.185474305252445,37,16.866970000051086
3.904423507635785,51.186436913361064,141,27.654911338677966
1.7699373472397877,40.22019058587718,99,20.90781188841636
4.660710895457467,69.73300195295657,244,37.91596053336628
4.306222484030758,45.85325141970836,71,22.291012725358936
2.2020707341375902,34.92285635525779,189,19.98028806252333
3.7792682321783375,57.0286991962418,34,28.202904913156665
3.797260083014944,62.40663301312675,146,31.69037222902134
0.6053069572960698,30.02251447405699,29,13.83942874654021
4.5225092427298765,30.05715297729906,254,19.133515787912444
2.5757366249945,22.20028561601258,77,11.49845307681295
4.1496415839279335,64.18412090393844,250,36.54075232027851
1.6682430450499979,59.828271657308306,83,30.375158670106853
4.488063819631383,48.477852544988835,112,24.10037469686461
2.0070882257973994,70.65022693815183,24,34.649297851707
0.15310449225346198,68.34020917700319,167,37.091226657733884
4.536371684454392,55.12126186380513,87,28.72836992241134
0.5473047162520545,72.09627683079552,13,35.68458159053237
1.6646368241930332,32.350472602206096,153,18.03171820937514
4.755303638548944,26.71517716386367,101,15.344901681954275
4.757975019994025,36.18497669101937,214,21.82568466341155
2.909845651804102,23.42521136535889,149,14.942089477752782
3.1960023396320167,51.87017168006192,175,27.644917428205076
2.297383057693767,76.19634153769769,248,39.481861388536174
1.5367327813205165,22.36061244011058,82,11.740514337064067
1.7104562723125885,27.326594840601608,109,15.184623554114948
3.3953404347774887,47.13194169700611,178,24.721745965770193
3.7866351942446324,76.0325010516743,130,38.73776313036657
3.978737314256658,38.96936629860503,169,21.91634476227807
3.9691288996933145,50.43408852130355,18,25.745304799050658
0.5469099049385828,22.494371543023526,200,13.334673757417209
2.5226594930426494,28.900592057725333,27,14.214066643466861
0.382037924081557,79.19780737753081,211,41.51670676696779
2.7926915233863046,77.90712178616273,172,40.02859690115169
2.2634994567295474,20.296398856064577,70,11.96474778483003
4.449750495515668,77.10870712539435,205,42.08457794697249
1.8194835615051859,58.34719626893002,62,28.129358628377435
0.6736283804952687,72.07509767120132,72,35.895400813457776
0.8006592420588957,47.28439133803155,250,24.725732338131586
3.8314020954156143,50.93576171475502,123,26.43099713251217
3.1292685102496796,49.33079481541521,118,26.074886288942213
0.5955011130016722,60.01185545276626,120,29.815832617984768
0.5121233499634875,28.379075285378775,251,15.828890164560423
3.534748744149688,21.798415392360678,18,10.42872519851381
0.45653873118454835,38.47579649547146,174,21.230819450253126
4.127114290522745,62.2808457641988,243,34.05247864818793
3.5605869130668317,32.1112071273769,141,17.09992470165788
0.4986090251453089,60.40594599949504,119,31.61965477440145
0.5157047990174405,78.19472276643623,165,40.25225177853259
4.93453393465576,25.634042947365103,180,14.838819756822074
1.9339268992049898,60.356127093507574,60,32.644908326972825
1.9161465206277657,46.62501315827427,163,26.47458228299026
4.082717879561763,72.08853526265032,167,36.82295818235374
4.741518029180908,30.628987366843155,208,18.69837790421884
4.931405212732067,61.55755713356987,29,32.373315642549734
3.7915531077688143,70.28691737888661,8,34.45435071146757
1.9436719691014874,76.6768531684414,63,39.981571424885715
0.509153511823477,60.99488169737875,160,33.686288118284274
3.9080198880444406,49.83048584050564,119,25.37350010281285
2.836180823705445,57.07083441207283,51,28.411532467392696
2.178687845310184,72.1342990687231,88,38.18267978573607
4.541136486964207,54.23658479832978,141,29.25390135868696
0.6448676633001416,21.82322358181021,202,13.547574832474641
2.5138630110252103,75.85692173041866,52,39.04043638271235
0.15563285936035345,61.37160506189367,226,33.35206173781101
2.396437145771219,60.59080314663479,232,31.52857315958343
0.375886050841003,32.94050914386303,186,19.415160883637064
0.6822077897135524,59.53312821395943,77,31.774374878378843
0.675878609207814,43.63186433924951,221,23.86412928647751
3.2811304803687116,59.07397862248953,40,30.221625409467773
3.7556199084005746,26.395581818479442,195,13.992245397524057
2.9585069489760825,59.47071827618216,250,33.04546458900653
4.814645487525255,79.96482354623998,67,41.705933763586664
1.9368658396661502,22.89272233163336,219,13.767856732783985
1.4999892227811178,78.63045105327905,7,40.65957780878814
4.356135728128355,44.41447764337224,1,22.318775163519017
1.1956196087453181,72.24520702023554,104,37.846771396885906
4.819790443258995,66.94312904349641,124,34.17387922738199
0.15955692598010007,54.02097565920007,109,28.092891371323805
4.852406250867431,64.30695255507959,85,33.31436264472371
0.311483568557823,72.71093367808086,168,38.29192311793715
4.466601257120549,44.24841929906198,119,23.391342846409685
2.6857354345228694,39.62198969379432,126,21.20809579467778
4.965527500984572,60.05560313381508,254,33.89040148844751
0.4616031672034544,68.47075651647552,182,35.66477433771989
2.813885993566472,65.73710808659695,15,31.69336554191644
4.849582424533585,67.86881893151806,220,38.36895161241782
2.6631794364337296,46.13499888877598,61,25.325271466721848
3.1840533268627866,69.0700529705013,112,34.6811691228313
3.5091685760246243,27.212543322236506,175,16.39689632396591
2.327251217362089,52.669345877650976,157,27.634423290010353
3.175034592411911,20.345519629887296,11,10.863750489515898
2.9631401284231913,39.47514979401622,34,20.668113038863922
4.515674251405846,41.98769209228387,10,21.3110056709662
0.3226872636731436,43.770361496555324,63,21.763683809058577
1.4767196290019287,61.72803240139173,237,32.691147111279804
4.757016271975138,43.31348607622074,49,21.70625274982664
4.46229254106549,46.921617357351835,212,25.19521572455202
2.332718088649994,34.252647852459646,254,19.832417445045465
3.1386497292275304,42.39510749776041,148,22.275658732692207
1.4591677966075502,33.63617763578909,68,18.326057663267918
1.0217936826464304,24.39175542610662,47,14.255303236653882
2.372122184205913,56.206915602882674,19,27.950616778491888
1.831425917327659,60.092767913300975,100,31.468931048918627
2.9599149480692732,57.16942076057687,194,31.320386985398297
0.4808997211284257,47.80964262803434,171,26.134913557049288
4.874534557564216,42.78714681075379,160,23.556982129049405
4.932432647950054,71.80001897430952,244,39.575935170309485
3.5209923986967517,51.144907108173086,252,28.926801746636873
2.72687219508619,48.75091265778386,200,25.41048112607325
1.6166853198030062,21.538523948386143,188,13.680086570562645
4.087595596564048,40.474869657569386,136,22.893485225707842
3.455182745514009,42.811737127151424,67,21.658100733948533
0.8968230027899674,43.92936685381403,34,22.432303562633614
4.563543204019828,54.81034215363994,208,30.624854390033022
4.130432490323528,52.016152803612705,225,28.461805831259344
4.754019575130428,56.47430556760668,215,31.93553278908239
3.656025591102964,65.8929956925277,223,37.9059728999935
3.1057344600853707,68.7791443229656,64,34.554159574856364
2.149390877824033,63.08738457358967,7,30.447586771423463
4.670369568434665,77.33142175729608,44,39.87656643109638
4.343713058552001,21.093954960581698,86,12.562911291272192
0.3215714835203281,31.746679141012766,174,17.414630345013645
0.22919817503653483,20.453772498688526,167,13.37306673016895
1.9446704977024432,58.84848284927618,75,29.03010267468509
4.071711320830981,73.88183293699922,181,39.85100622361432
4.937653033643228,34.608937794577955,75,17.94237337989441
0.8370427664072881,75.6220726877784,173,41.344118526737226
3.0112405052254623,23.61604341737365,46,14.56166111237749
1.9663651974920056,76.06616160833086,14,37.60306073613128
4.852580549291556,41.09736123437806,104,21.524381536209606
4.2263827233649724,26.085249706952993,146,15.784851012792796
4.207810653084575,49.15230555117954,25,24.85980319110871
2.3965964829953545,35.40659406323048,51,18.40754546198254
2.1326155614545597,37.092374117715366,92,19.704837035545548
1.4396946524604608,38.43739789557719,149,18.932995256836982
0.3762399335895429,68.1815538699598,231,36.42456318224462
4.337139643649761,52.34967660051527,20,26.118824490558435
4.083214944737381,38.67846194936022,50,19.754429646754076
4.99861659910204,56.6200269986551,37,30.62350716270657
4.983520501662136,62.969040453391614,19,30.916365382582768
2.821615357452875,36.35744004401202,248,21.75408674449928
3.8680383343845017,44.81294609152109,156,24.074313948867186
4.729352076423897,27.313165600216855,178,15.629757839254983
4.263272214319316,30.86896097208082,131,17.96117960352405
1.3120056985416686,60.86707123789897,54,31.44478748337254
2.3076662630194584,30.886300861737617,198,18.224530054390286
0.7328811342423255,51.50980302002361,91,27.7063742839689
4.7748500335677395,62.54277570334596,27,31.687564471846432
3.0702557088093125,26.41261538568463,3,12.931096529215496
1.2203497469669675,54.038733177734215,149,27.546251037006005
3.3913333535886983,35.393767022081825,75,17.960606316420826
3.1288283782436896,77.77561251425479,172,43.869783520260484
1.8549973183609187,49.01273880319548,66,26.59654871417062
0.6564322017781822,68.35955298650948,85,33.74434534722454
3.3907086584047184,53.01359252937571,235,27.873409173784758
2.6495077344285876,22.60475197128915,193,13.979192820805926
3.884360119504633,57.989082535641344,215,32.0802420771491
2.648801155448768,77.08420053239942,161,40.96586421706195
4.275689351560847,56.09670920877987,90,29.12096774599232
2.8043435099949794,69.15133156560742,182,36.55064587380031
2.848596060523393,73.05238780090447,104,38.17893303066393
4.3956026530258905,33.68478631693595,0,17.367846430063892
2.0770660444407456,32.7226903944936,71,15.059751428943338
0.7566746194081396,56.6588593310595,86,29.03529749689537
0.24103511393536098,44.66170818840229,165,23.153551171334367
3.8001725528007335,70.39167817200322,5,35.80106776019019
3.139516801631977,74.00138740388067,213,42.429904384706944
3.5499908636861957,41.20528275816309,152,22.845122130924466
1.1435243913936628,34.21223353846892,209,18.99693952220143
0.7682202303751718,66.83153091463171,144,35.85438898233062
0.17126886177262146,36.48836213288817,60,19.343995839830562
1.8178790381523253,69.3568591108207,11,35.39031194967742
2.9905966655877023,45.42429521892577,5,23.668057869237327
2.0219958209886886,60.052993957488226,217,34.45524012567252
2.243627117916273,25.73211883008009,26,12.219533691505756
4.530377603019367,57.43155948059438,135,30.992449577410582
1.806451788414172,47.10606072423374,210,24.90729441097675
2.618548496883073,55.19650779052844,123,29.645621391294778
3.9398997624316014,30.080852464691805,105,15.56572969710297
2.0430596333742237,64.21242469665093,192,33.813151498057806
3.1482248311165804,71.7678246525937,184,37.743644895170604
4.325582172859051,33.00438800544654,92,18.83056893935389
4.752651055922446,25.742873331209704,108,15.345156215139511
0.8206600565522859,21.418315162780182,240,11.945506210598936
4.640279363291323,58.51829002659596,98,30.758107060626962
2.511369836089737,56.42564216532685,167,29.424378211523226
1.3653975026648961,52.8018447628442,141,26.688957221013254
2.3497652055674805,33.916825766958524,34,17.31637235361164
4.902159618898837,43.45435975433088,175,23.658913050599505
2.5138286605650615,55.668580111170385,236,32.87238940798722
1.7108828904087905,49.80601153155016,83,26.337053880176654
3.203664186151957,79.26713121289325,55,39.126314524307574
1.2767135320131462,28.18638515340399,176,15.416089925732367
0.4717303077324533,61.708673242855625,140,33.32289294763045
0.7315106373621812,44.259126086257524,188,26.171156879734905
0.727424610893085,45.69197689553688,229,23.622747596619792
0.8443231982102424,63.05586593949057,48,30.212440904427265
0.7802531459821097,61.54616907946218,45,33.172075029701084
3.240286249535752,79.4753596221313,112,41.57132261339012
0.9912124135558097,27.703657367247516,189,14.972657193102973
1.7937696882869298,26.24657896304998,135,15.18729553647612
4.494263208539458,63.46032902772447,42,29.963843095699303
2.422412037288075,54.70321502038455,147,29.06722422051824
3.3710329187530337,36.44963999358835,123,20.11974446151256
0.9443673688879862,24.765162139339196,96,14.361287946096228
1.0422161921624868,25.13949497578583,89,12.550073154816626
0.30025621970574645,73.6514524798471,38,37.32143902329748
0.9277818090536063,31.512039483124575,84,15.763373296408062
1.4650926612565975,39.40229372693125,244,22.5430398852656
0.9673513729560594,33.59938413361928,176,17.761080881742224
0.5346424154095726,41.29977834991624,191,22.205252577338857
0.691115768392944,24.1654305647656,61,11.766011464431864
2.3578159633603564,51.14358745449622,105,27.508711565407804
1.1110352201883835,24.056753815532893,106,14.057931546441951
1.88492231913557,68.0213904693417,53,34.49456689662699
2.566744627188799,34.02272491462598,125,18.5562749149919
3.4829346602838904,52.400714876270634,232,27.42005948953016
0.2926294852213848,72.80474525368749,8,36.21195892735909
4.017110954654309,59.05264214283165,87,30.74782754983951
3.1767119085054483,51.977467193080116,36,29.287197878420574
0.5006192565494724,39.460025186922536,48,19.148107493342053
4.380535258123208,39.98011478349187,40,22.292288156310693
4.612274762605884,60.16921731189141,16,31.7026949056721
0.39928200328883245,79.64836167327005,87,41.01474544145404
1.4567004759212985,59.710351390962714,20,31.95946622726862
4.050386270986,53.46700504220149,50,28.01064662080621
3.7664724828799265,63.83903061435477,58,33.26532175113331
1.004152994846249,47.91233673702309,166,25.663463014978625
1.1258116843498807,23.608540556047114,182,14.960420328877172
1.9153133036777719,53.73780895267459,40,28.556905040515954
2.4741626274360047,77.45751707032281,38,38.730497510408796
3.1294483804984505,30.518176541459578,140,15.652785914180866
1.907676833891885,61.400293449239946,191,32.59793377061351
2.366420109052425,32.05602131954339,10,15.564614106279294
3.7626075968554074,52.14966106838487,237,28.757566719262623
0.27974769416392975,25.800586978803178,146,15.625706393502119
1.3369410272857019,47.02225617549111,138,24.56752053538733
3.595412970834307,65.36979973371476,76,33.76161778262923
4.486513504667276,40.85429145433892,126,22.193819812444588
2.6072194663667645,59.89470346923308,45,31.5065045634585
2.707356077800047,67.72699764738375,44,32.327345097487274
0.6251428555649027,75.63066916876716,0,37.27114857517477
2.292320597434928,34.078524911327214,167,19.149778207686573
2.709824605629614,43.958954948558485,107,24.520538891269066
1.2881054678101755,29.144960799825046,18,14.389388499187335
1.419291831651967,79.5490101295025,75,38.78988154187458
1.9486923992126512,75.62005807545772,71,39.33460972361627
0.19834886911085922,52.39742781683358,199,27.57318640650224
1.6781879113575737,70.52199766258528,188,36.119150963338036
1.136095234283069,51.25747863632253,244,27.55800345187635
1.704737025671782,57.415141280165585,108,29.77351898499412
0.686834445914331,25.347465926960997,11,12.247671743533719
4.463583675625485,65.31622522980848,188,32.77890492536772
3.008603022414839,27.66280901811409,239,17.419331008185658
3.4276013638079994,69.5640578151517,160,37.999664085235366
3.966939069175958,66.92168526022316,44,34.94905852836868
2.542366774752381,62.52468186457859,89,31.268891939339717
0.5259094116283761,22.169622831485725,102,11.955910822958181
2.7318220549108845,38.187701356719714,219,21.550511568621488
2.975521478302308,35.78675419465057,249,21.279723634717428
3.7526534235032174,41.60818444829114,196,23.807698055213972
2.2151317765254293,25.25856480583031,7,12.186621781789203
0.7251434836982624,76.21746938186376,152,39.783244595715274
1.4905019384137501,53.22813444274258,90,28.120397819827904
1.8791032523533122,38.33145863948141,173,22.539461967122804
3.2649944825248465,43.818891024457,86,23.80045150030571
2.8968136928776684,46.83215243029014,157,26.064814271808356
1.8448739568994468,56.03566000163704,236,30.646144024437827
4.9339247190856,50.94076566178987,174,29.114234448006997
3.068296614848747,75.16351839286504,214,40.43835165387689
1.262411279506373,49.817808974349816,176,25.93405770495198
0.5987341158399784,79.52948088939877,174,42.96798382640858
0.849009782003227,71.08549746470575,83,37.15555298309223
1.30519286908409,32.51063086144015,81,16.7527906965
0.8873387289718229,75.83571287863498,145,38.97709734481543
1.0141784178513984,26.981983873128566,193,15.818985323490184
1.496966326599851,69.04698250947149,67,35.806372682663316
0.9495306169442986,42.837397608594806,221,23.92094413162304
4.4941505806694835,72.67845922670418,160,38.699953344861925
0.4931453537420468,72.08340140644702,126,39.050972613174096
2.670105808894248,68.35552400705727,163,37.14631573665295
2.1109444522493415,67.40182617842368,81,34.9126431257018
4.913655222852172,38.280748345882444,228,22.853050275993922
0.6489906206234565,24.85515698307513,146,12.919953650072369
2.049492435324134,44.178810725909685,238,25.072281656434065
4.850405123049307,30.41147089919052,155,19.0500823116333
4.340984916880504,61.6970653341477,167,32.73458526336953
4.103653147651472,40.76598359226713,83,20.77572318227963
1.3637238525202053,78.53661205159489,112,39.8725895224564
0.9373491782113226,58.45832464071992,224,30.473264200838706
3.3763517776297123,69.34883381806165,75,34.97729017866609
4.65394234672517,27.951480364510907,121,15.28062631833794
2.8281381757682564,71.72086893635736,242,37.157681266576866
2.9009021784025095,75.36543143080365,142,39.408424267191684
1.4718975589353926,49.22371512913615,40,26.06132449424826
3.870515372640491,56.37517626505865,166,29.326883489646455
1.0165143679318647,65.88858805417973,1,34.575229387524814
1.6860282583807942,30.490317635624752,190,17.82455373217805
2.1846385492204425,50.15396458780654,28,26.606026734449376
2.58729085555383,43.919781666338785,104,22.60078536487264
1.2878076888338934,28.782439529734948,201,17.384525760817482
0.6627004412220974,42.05206533749188,193,21.930368812472835
3.092038207964,24.090338563129613,50,13.744620603197715
1.5142897108772535,21.54871441696922,74,11.837625519365865
2.9480672849708003,28.109977349289366,204,16.94304662312655
0.8563773048435913,77.78690669535044,9,37.89349647253473
2.457586499088606,52.97177215370102,141,27.246574884482765
2.709688219502771,77.94932966919319,209,41.93286187480026
0.3539353304298919,45.94987269980792,50,22.561981878722747
1.749360963150211,38.70896798511558,117,21.162626380971936
0.7586319170009738,50.36851177041464,200,25.892981270447173
0.410537355316562,46.37070131797461,120,25.274578607185624
4.950805138710732,26.339881055704634,38,12.812497726954883
1.6795338403761428,58.44957888141237,27,30.215042762423323
4.068384784687711,32.96229095057598,2,17.53361488740276
1.347739208342443,57.175277293869776,83,28.855640749339557
3.4393633388972535,59.0120655438892,197,32.40199567291905
3.8251165134594647,29.12149118771889,154,16.743699508538946
3.0186298289784372,23.68097762664009,116,12.76350994002515
2.4107233238957764,66.84569516410639,1,32.66536523036656
2.118020479321616,47.588025426159206,92,22.963189069339187
1.8094545060606773,23.489827730328546,165,13.925509363070034
4.654692806814347,79.69197903018602,130,40.046656024412385
4.170035098159873,23.466833659781997,143,13.675764539148295
4.828631862265912,61.702113731513194,93,32.000471835900946
0.7090563950791692,79.02073551580482,39,40.65041617284852
3.6812506284978572,34.350806252955536,1,17.25148268983769
4.697868238423085,28.53496212123177,80,15.207820098111105
0.9880420242117348,27.283096365345735,168,16.152223089382336
0.42583171009720977,38.196508854055736,253,22.005895627121706
3.7314911815212897,26.062748660638803,11,13.830679405654308
2.9149182545815684,61.52968050164792,162,33.14559966609064
4.224961006115533,23.737507887803762,234,13.09567792130633
0.7848846454688185,50.56532768898738,64,26.757940989027556
3.9968098281134625,79.8018112311786,54,41.45305539241425
1.0879738682339484,68.83821617036114,44,33.95122234342747
0.9019141200419521,56.913166293860655,206,30.36269408526032
0.9049024098618654,38.3752172471967,217,21.408791576956904
4.091416129133773,57.43375017749831,100,29.9915199172608
3.359466381411381,51.6224878346991,212,28.601050522059225
2.663020581368685,45.565003033422286,61,25.090170356679195
1.8582693722051624,27.842622604411968,48,15.66890496709933
4.398282649984231,73.196252914428,126,36.98573552878102
2.0229810263709136,46.98707892927935,222,26.537907557582813
4.101337253410728,31.677350709245903,152,19.097742399499435
2.2517610519940705,42.06556105263738,22,21.864765152207298
1.9470277041820474,44.84778515173562,151,25.219575771471984
2.367130949781072,69.65227373401245,248,39.555120407685095
1.5767515834042964,64.01686283368412,37,33.559816121289465
3.763285962863631,66.15829361848039,27,33.97478400116829
2.563329911453148,20.661875865718834,20,11.832359398089485
1.237842206219405,44.96923989078569,181,24.563291999111673
4.507915409045386,48.88064909811942,106,25.975019133249205
1.981066984728736,21.151536609383403,145,11.872460767450841
2.7634090194585443,35.58879252470206,163,21.26415052312899
4.54171334372628,65.6173893873281,98,33.42443736209468
3.1587661799785614,28.226582343739942,172,17.681535514545946
0.6728003994709839,52.1186078871555,118,27.80644810726522
4.705177405706028,32.91211232103425,72,16.247267726285784
3.1757694600499478,20.727246478633596,180,12.848849478313214
1.7410375118197223,34.472087455972485,229,17.60012097151659
0.7824331560505976,78.55242529460322,121,41.189963979737705
3.9907234274244505,68.09222671297937,29,35.62041718222112
3.1383565040497166,77.574598659262,187,40.37877902438391
2.7139593506839756,49.27124263558174,107,26.100564948814853
4.480073656949693,26.58417192065021,97,16.66425075977036
3.964126335000201,52.87756933842158,31,26.63945059844887
0.8432069106904808,47.26264007359765,194,24.596733140811274
1.6274381321981866,70.66142496437695,194,38.91511969787089
1.3175967850908823,25.884954847054676,155,16.586824292567222
3.7453368336061175,49.29446822130669,171,26.735463465861802
0.264308930205319,29.002919881639055,78,16.319353869248417
2.892459455869451,39.480555613403595,40,21.770999667819623
3.836047560129384,64.24142464326798,62,32.38183284510854
4.3961516201325725,48.56108776212599,22,24.454853207708386
1.7762005687079467,42.553297108746165,103,23.71514312439861
4.124160792892863,43.66857671420212,74,24.671718715098855
0.6420955110805154,47.5668061043592,47,24.880493463462006
4.2476162294991395,67.10099263022342,159,34.68544358455957
0.7246944454267139,73.52508133641406,249,41.31207122444914
2.0467077237458,77.3200811902357,250,40.833740469680464
4.006747292319813,67.2142031753177,56,34.23263853571938
0.8345953940089915,38.924413744880766,117,21.058004246330906
1.2233318366399435,61.28808236519253,99,33.31053478697503
3.639037585126025,46.25618744332351,123,25.575973456726583
3.6281790290757647,35.28023732276307,160,20.017802064651022
3.241623401137957,70.45229476555537,151,37.52359825300958
3.5003473778887906,22.3055809377395,166,13.206339875302096
2.7593497724032217,74.1057195281254,33,38.216934255821535
1.3338153886440687,47.68864787748405,183,23.27814539991213
1.7939103681692055,58.232088608496824,155,30.548827881995535
0.9898288123269858,59.56123533234696,164,31.760922482322957
4.5514077505347785,73.70706444239218,6,36.217658912630064
2.9586197943539907,58.20018093003244,195,31.73227576226318
2.0641719421418356,56.836015085603705,164,30.059953516029914
2.36382843785625,23.999122433641396,55,14.541419758921814
4.741688364097895,51.104481316712246,64,28.239429219980767
0.851421875268793,29.0101400490225,192,16.044406642919963
2.972526176882307,64.24602612328914,46,32.72942796776611
2.5788545265338834,50.73331524876047,147,27.020595511425228
3.096125753629775,60.8136667525012,18,30.444786475453952
0.1887399007221185,22.500374036143057,156,13.024085992171868
4.373407153826342,25.087520962748194,201,14.23281912786914
4.667379584169701,62.97940328376094,187,32.69582426535992
2.869152599587124,24.3250601599204,145,14.52215656381918
3.5135890369967724,24.275403665915515,219,15.308590320879246
4.6202469677687485,20.726508514093247,162,11.640963194163508
3.5654693081356537,77.39008389796881,170,41.64694431056057
0.8474413102798807,64.25050156754043,238,33.958417185632875
2.923812964817385,41.19508451012385,222,23.363088789581642
3.0729037272759943,37.792134877259315,218,22.203701823969713
2.1782402893816917,40.982193784750976,125,21.925308356609943
3.7085767545611423,66.47921187087091,138,35.44520452303271
4.678398372368172,59.68223666422487,48,30.272528525461677
4.635285713243204,31.111734072048076,112,16.94292902392026
2.3091129198802474,30.44656012004506,37,15.618331921130213
0.6548664246197008,25.903738982803837,63,12.90077778732365
4.925721874915439,59.61816318208029,68,30.804879615415906
4.210600623585077,65.86235973330416,135,33.153621630146844
0.7108471378960075,35.90278569950024,161,19.14132381639762
4.6121252248251245,21.25669766185477,175,12.554685860040227
4.362492174104428,24.930300048585643,115,13.795219489207886
2.6423064799177536,78.07160209070183,183,40.88853424747191
2.9972496351501534,37.72668664864521,203,21.131304087977494
2.0551132489636386,66.15338887028801,229,36.05164727812643
0.3683320302279536,57.47981413125583,64,30.291257342783233
1.7424664840649147,42.91637837917375,30,21.2826706111451
4.033981898130256,32.341235731733306,131,16.68081520029053
0.12269691272255401,27.283185089564384,112,13.731817823811346
1.7341459412866067,56.900778082331996,108,29.216600714099734
2.051026598595622,66.47802683826728,177,34.862194761176696
2.7332384543958224,58.63425521246784,68,29.500455385476045
4.607292520422527,51.8181279949495,157,26.64367658526711
1.7970953723932104,22.517073405898177,119,12.17212541271422
1.800070689291516,78.10932665566303,87,40.286097016874635
3.7137561157377674,67.92285149927447,186,36.78783082704658
2.3158679103600552,37.56932220205788,66,19.118824838956627
1.2005636324059117,78.79821976153104,74,39.846168421862686
2.316953629050198,56.112895378179324,44,27.80144474314737
0.7901993998610193,54.94535949243479,3,27.550260515828718
0.9642962338804942,64.88439076577193,153,33.220196372083194
2.542002086423451,68.70618728540825,154,36.72042166458767
2.152734702572285,59.38871643989016,173,29.853765198268196
4.5827449152336905,27.685744781972,245,16.391517210056907
1.8757301056715026,40.296050359669906,106,21.696705529593842
2.9448829163624133,75.685018419563,191,40.23083201774024
3.1980950108056994,33.476936710631115,218,21.931311520376624
0.16416283728283482,42.330021430250795,233,23.861227023421588
3.3513331228818823,45.92461297665176,50,22.793385203772058
0.972376237661782,46.36429938166713,49,23.67392306751067
4.80924455560033,56.77637494967153,5,27.142865596929344
0.8284473659902535,76.58455026468246,58,38.8745201196435
2.1316582062624163,34.4415627099503,124,17.84089111860063
0.5182133735853549,27.290082578055085,142,16.03225290194624
4.984683834045142,31.848229391596238,244,18.313042804607097
2.560755550623089,73.21549401255618,29,37.03705664554515
3.017386584868215,58.74864875931236,169,30.7305051967386
0.4286747392032947,37.15440735434961,228,22.638922502948464
3.7748063049559715,68.95681633811704,121,35.744646033436204
1.1285374061683704,71.68219978180616,124,39.026510674999116
4.500466018259497,70.79086032141669,36,37.01962852465256
1.1051842383618353,75.13559201837327,169,39.850381160358204
1.0343698312519662,35.134461210401696,123,19.269400735643565
0.2790933724556649,65.3025157247767,100,34.072964497850165
2.4131280310389966,47.632369836448404,34,22.46982514198249
2.8677215529868207,70.5199131734037,86,36.12784534784978
0.4219723331989266,63.70944062969679,133,34.07207551935261
3.9000853218055522,66.58684678998347,195,35.584534743698185
2.3211152902653356,59.36971026086429,17,28.6817768126551
2.6695123197051425,30.645726168182414,251,18.04740986548425
2.2597374599973183,52.7016151338163,200,30.28088682916337
2.0637389982890975,79.0801843714705,112,42.11335780109888
2.8422376234102678,76.24328398982713,28,38.62386174788856
0.8606772050604913,22.5904241478207,76,13.092729071474485
0.9914478394268286,29.888888943766226,58,15.257082235457743
4.322749542966235,27.903726407273716,174,14.420266571106762
4.7359657644548,63.55879459911773,125,32.57852788787479
1.9292156497707897,69.0671197914167,243,38.71937022919362
1.4266488984034136,32.81068197864032,144,17.714012797331197
3.2555977618711776,50.351161577109735,108,26.337756585366968
2.1027974383806725,70.44218168067201,223,37.36153238789918
0.22439314273568983,63.96809268597504,239,36.300622246834095
0.8651477270943327,52.5342323295109,21,28.189589852826945
3.6082639213522483,55.420861427526376,67,30.960037339346545
3.328727315359742,50.5016328149768,68,26.104643928624323
0.23277036326706912,37.85290707912924,164,20.88535506463842
1.1876635934714523,53.90131957154097,232,27.872783595696838
1.23226650328155,61.33311812300544,48,32.746720137949154
3.3922744436337697,72.39937495164847,140,36.77113536891967
0.19658163499638437,58.177481238754886,161,30.93517434663971
0.6101320517244119,65.66729222258948,108,32.87735678883434
4.019588818328628,29.60429809727438,85,15.465241103731357
0.9748688440662348,47.693448465187394,52,23.62694868595062
3.2984559284741866,20.559897189625598,122,11.221918926984399
1.2670956271289602,34.80073187129738,86,17.847952795212606
0.5872628245207914,63.587702906780294,178,33.08430894091715
1.2915437358973252,79.5085970809618,130,42.01678682585094
3.6391079660927304,25.950685975232954,41,12.644390991163231
4.2929126937208,44.08965895167729,97,23.664662172224592
4.168077336378259,68.00425812194956,159,37.22689594691817
2.0461992951304286,32.24213807773393,108,16.89249260386661
3.3736171691961667,53.30509695813718,50,26.771991305240604
1.104423047537523,63.98427776178049,249,34.36205656046375
1.5364238782789652,56.95912701561074,240,32.212931103993974
4.492045510753487,31.28148407692497,84,17.12405422049119
0.1637094252026066,41.323074121144366,173,21.876693708484847
0.5189918011868936,67.02750706912383,126,35.30952936586864
1.118642650215534,53.253590847921,235,27.98636753914563
0.2300077989817166,20.313776812574766,20,11.061248696628503
0.9890336319400069,65.65944560168563,43,33.76723347173858
2.956903648751492,22.118681296414344,138,12.427222541943438
2.16498029790324,64.74402696387392,102,32.76992571328005
4.474091384277177,32.14883360991425,67,16.305145021101385
4.1054734525183605,77.48440880716282,242,42.10756908517916
1.7749050233195924,42.07644507812507,128,23.724693543883557
1.3711748238133334,39.615896980284745,91,20.21775822549491
1.960492800019608,28.93328301994668,190,17.021077493526782
2.9924452183225583,38.33625292941289,23,17.610343967936636
1.4135118400320938,72.59904570969204,124,37.09625630819203
3.158329648460757,79.78006025763483,226,42.43480416079259
2.1061170957370785,42.098571830410904,140,21.750214207797324
2.8050311861747033,46.916637857272555,110,23.902315672464155
2.237019992763052,63.32425629216422,97,32.18805058888953
1.5428822217553968,73.17174682790447,138,38.412354364454146
4.747421204114568,55.58266005120705,227,30.348743127608607
3.8416683913828282,43.491541890669765,178,21.671706551148194
0.7865545612556175,44.75731045091742,252,22.856610528949208
4.355493081899772,61.73708878980841,16,30.857228525237005
2.488412871422617,20.193095816256722,98,11.783075781324175
4.483305911781048,57.17536024759044,251,28.798505872248093
4.019290754141845,41.329580626481444,81,21.376989212503275
2.183546171899244,67.65183987662505,103,34.548026698985026
0.21009961076857525,25.57943838938793,213,16.329066933979274
1.416519060986236,55.29213601690343,248,29.882698102837473
2.7540076518382484,48.858373393167426,151,26.59757644650847
3.2040432771481218,58.53953155431364,249,32.221427244959095
1.3636496586226914,23.891215668978102,18,10.13140632054412
0.7828447629568382,54.799027245687874,164,29.88600531577136
4.191158160316566,53.689075277571426,230,29.779049960273657
4.923570685447405,53.639605664970254,84,28.66042854070446
2.6758818932831607,56.20925999578729,7,32.368455893658286
0.9412285006566872,60.58807623358173,27,28.574048027357946
1.434305899944908,68.29933998084618,4,36.057797230178686
0.190114315082587,36.18924320769286,144,19.266185515954334
4.580064152146445,69.50296461080373,100,36.496817625019524
0.6769803061616916,49.89534093580722,163,26.599856253218533
2.9249307300198426,24.62349674805987,117,13.350005113633875
1.4428705813673095,23.513055754638753,146,12.79098200721735
2.815472212327388,40.05429912176365,254,23.17820551768757
3.291959902924135,67.09381862668806,63,32.98893160696477
4.165734838165288,62.460856084454946,90,33.29758069356576
1.1114642316269558,67.31689788034438,116,34.51340095844963
0.15387956042655435,51.03614338649656,97,25.373390310250578
0.7707395873371556,46.41193987732943,10,22.93303103940262
4.510091345055715,28.84715160237704,53,16.661734152556665
4.382061380056324,39.69156521655869,172,21.468653659268757
3.027324200634511,46.04116197043251,46,24.141767023489326
3.042532616124902,25.316025780777032,139,13.621309876285535
3.358679705276652,33.236717162672676,245,20.162148401787622
0.9593192652549031,55.89351764382433,148,30.20819848722786
4.580618535032303,64.1397868543514,245,36.826564113975344
2.1519755719711586,79.90085068357698,138,41.37005895348639
1.9773787884225378,75.98679988061346,230,41.15979262390689
2.642696755885904,58.55391197211149,219,31.829293201183283
0.33013323719776977,45.27488319764432,4,24.00632670440495
0.9147885069047892,58.17064188249396,208,30.53796740432873
3.7163647204892154,67.13909708481393,183,36.51619032733316
0.5057134728331197,27.10017145540324,19,13.595959778868249
3.0554453363853025,44.59429338177729,168,24.21850304741868
1.3022106374384728,70.38813713813704,45,35.86604211726074
2.007548508805685,43.02997711598264,249,24.457983805298568
1.5145993101764295,54.31233627363119,11,27.30139902471128
1.842796310678251,55.26616165173189,69,28.7220736401043
3.6233249354028034,31.06857518801836,16,17.634738145111648
1.5558964065535579,41.734126499137304,114,23.14810257583923
2.8753827374547964,40.07067732451593,146,22.65203152850034
2.4326469707755884,21.571802511923888,153,12.10362642701563
3.3519887102769763,21.451505833481313,47,10.641710959540031
4.6904657226913145,69.9018226205464,107,37.44525844078008
3.6896032763302267,36.38424859836874,235,21.78713141934719
1.1532078550947082,51.084725974328926,51,27.64035444842492
0.2527973618002949,37.92353441532639,95,19.333066317873993
1.3850938170691431,76.44075470692043,69,38.81933807980678
3.015881860431249,35.55780553194643,254,18.981006789490905
0.3519864860728268,45.779408764336104,182,24.35243192471446
2.5321946112860583,72.36381502907611,249,39.92169748624611
3.0245299596927575,70.51601400750852,227,37.36396462049534
1.7377950650031082,31.16608507077664,101,17.407301837089456
3.877469798354528,68.15859858774263,74,35.01654316770896
0.6223314403554818,47.49121320427356,160,25.731896774393892
0.468175130505463,48.97813232512131,189,25.278192285795534
3.6681249053976566,28.008798344956627,215,16.60642111265198
2.527907449410373,24.83609082542748,150,11.179700186754054
3.4731717424959068,63.67635841842591,142,33.418600225300565
2.230653959158357,49.787669141317984,154,25.026426722859686
1.3073699628716235,46.21104215691077,202,26.462252591289364
4.113601356603579,63.7704937191438,191,34.98401434799678
4.017137806947998,65.93077393946658,248,36.313771732394166
3.5040127071866913,29.534490060161215,242,19.058652527958653
1.4335111724268175,56.61350896865848,241,29.911189080747082
2.992130267658527,28.12124493666113,208,18.187198693011975
1.8687720950061315,65.08250516174274,178,35.440321354632374
0.5487521593005074,59.41730937602837,180,31.32697461672529
4.59483651976499,77.39687726500748,205,42.343542431663174
0.7704112915029109,24.13748098138527,218,13.219488107431292
4.756163033721932,23.42328326907526,81,12.17274377638215
2.2854282874939833,36.93122448159201,91,18.995565346305703
